energy_joules,duration_ms,error_flag
64.99841054997889,180459.0,False
69.42382217663915,180585.0,False
63.12004578611842,180382.0,False
