energy_joules,duration_ms,error_flag
61.347839094605426,180240.0,False
65.59448794637919,180240.0,False
60.114907053665554,180251.0,False
