energy_joules,duration_ms,error_flag
59.64882865487014,180329.0,False
66.56899272743466,180351.0,False
59.27302130802631,180352.0,False
