energy_joules,duration_ms,error_flag
64.11580942934239,180260.0,False
60.56273127425269,180202.0,False
63.77450544145216,180406.0,False
