energy_joules,duration_ms,error_flag
59.939868777534556,180470.0,False
66.25942902840421,181793.0,False
78.01288501951792,180307.0,False
