energy_joules,duration_ms,error_flag
59.35018016415413,180238.0,False
58.13562017780479,180301.0,False
59.44524788571964,180283.0,False
