energy_joules,duration_ms,error_flag
65.6256877362992,180303.0,False
61.1644142911711,180353.0,False
68.43961152271117,180482.0,False
