energy_joules,duration_ms,error_flag
69.09783114235852,180198.0,False
59.7550674641127,180526.0,False
59.0508566565752,180307.0,False
