energy_joules,duration_ms,error_flag
86.77679889431548,180306.0,False
72.29646626690695,180313.0,False
64.59822712404014,180438.0,False
