energy_joules,duration_ms,error_flag
59.07244318248526,180518.0,False
62.83176518183232,180290.0,False
59.217810848848686,180543.0,False
