energy_joules,duration_ms,error_flag
103.54075719207235,180273.0,False
69.49815741402136,180377.0,False
69.87627770714471,180322.0,False
