energy_joules,duration_ms,error_flag
61.12651844963706,180391.0,False
59.363389169988906,180454.0,False
61.08237710942839,180322.0,False
