energy_joules,duration_ms,error_flag
79.02265726082709,180451.0,False
76.46996535225287,180799.0,False
78.14103716151982,180390.0,False
