energy_joules,duration_ms,error_flag
59.945888982443115,180229.0,False
59.98116424733858,180296.0,False
65.48037456446899,180344.0,False
