energy_joules,duration_ms,error_flag
66.13943241563959,180395.0,False
66.97534119324905,180458.0,False
64.96682483240664,180408.0,False
