energy_joules,duration_ms,error_flag
67.2625145137671,180299.0,False
59.18793207781721,180229.0,False
60.07792518914264,180378.0,False
