energy_joules,duration_ms,error_flag
139.7552680610268,180378.0,False
136.38417127319835,180217.0,False
134.6116613649229,180391.0,False
