energy_joules,duration_ms,error_flag
66.45756689663439,180395.0,False
62.23811491125113,180357.0,False
64.36160661179295,180300.0,False
