energy_joules,duration_ms,error_flag
60.42417240694723,180287.0,False
61.47543892329951,180391.0,False
60.825830936582236,180261.0,False
