energy_joules,duration_ms,error_flag
82.05492038458618,180541.0,False
93.67807522868512,180283.0,False
92.11468909317965,180381.0,False
