energy_joules,duration_ms,error_flag
62.89210011114997,180342.0,False
64.99532738019413,180143.0,False
93.8348056701573,180349.0,False
