energy_joules,duration_ms,error_flag
77.90721001151778,180360.0,False
66.09407345423112,180489.0,False
64.88158696192346,180363.0,False
