energy_joules,duration_ms,error_flag
87.67243345392983,180485.0,False
80.55987175075417,180336.0,False
78.08211626546145,180276.0,False
