energy_joules,duration_ms,error_flag
81.29387921579774,180464.0,False
79.34605421241784,180421.0,False
77.61367132276257,180267.0,False
