energy_joules,duration_ms,error_flag
58.87407801315096,180344.0,False
60.4436332326424,180306.0,False
61.54809002510959,180282.0,False
