energy_joules,duration_ms,error_flag
69.87625910205433,180438.0,False
75.56919420282478,180301.0,False
67.09193872077206,180343.0,False
