energy_joules,duration_ms,error_flag
72.77624629237519,180605.0,False
72.5201544070958,180386.0,False
66.20377475649215,180290.0,False
