energy_joules,duration_ms,error_flag
62.34782435889545,180377.0,False
59.05952254921399,180444.0,False
60.047088802517656,180271.0,False
