energy_joules,duration_ms,error_flag
58.96415677712122,180372.0,False
61.99854834682065,180303.0,False
62.21154271428169,180314.0,False
