energy_joules,duration_ms,error_flag
63.81119149971924,180394.0,False
61.36970822848474,180207.0,False
76.23982166315072,180271.0,False
