energy_joules,duration_ms,error_flag
61.84666318869431,180518.0,False
61.652704456698764,180217.0,False
64.76577967647546,180527.0,False
