energy_joules,duration_ms,error_flag
60.281075443575894,180312.0,False
60.35096512356343,180296.0,False
59.30600971839396,180274.0,False
