energy_joules,duration_ms,error_flag
85.76004811234064,180266.0,False
79.16456303276212,180252.0,False
76.963265870906,180179.0,False
