energy_joules,duration_ms,error_flag
62.96655698964205,180418.0,False
71.7566656768178,180494.0,False
67.05221834380067,180444.0,False
