energy_joules,duration_ms,error_flag
78.11250272460829,180258.0,False
76.1181955932643,180267.0,False
82.14969967880369,180253.0,False
