energy_joules,duration_ms,error_flag
85.6634519008463,180380.0,False
77.9331240544639,180273.0,False
81.41025985314305,180374.0,False
