energy_joules,duration_ms,error_flag
59.7847710577249,180461.0,False
60.00418880605114,180269.0,False
63.50154539561477,180536.0,False
