energy_joules,duration_ms,error_flag
59.12365245479525,180300.0,False
61.40186465456969,180337.0,False
57.89780183275808,180289.0,False
