energy_joules,duration_ms,error_flag
76.10273445501751,180376.0,False
81.98489305060086,180464.0,False
80.78473763354825,180475.0,False
