energy_joules,duration_ms,error_flag
60.78970945946963,180579.0,False
64.6962279695904,180315.0,False
60.52853711618231,180323.0,False
