energy_joules,duration_ms,error_flag
60.47054409324991,180348.0,False
58.33645069907823,180350.0,False
59.36168667604133,180225.0,False
