energy_joules,duration_ms,error_flag
69.90672922375167,180256.0,False
59.30476988961408,180288.0,False
60.21330240359903,180389.0,False
