energy_joules,duration_ms,error_flag
77.43215384884385,180726.0,False
82.18073079791897,180254.0,False
80.61842673025987,180312.0,False
