energy_joules,duration_ms,error_flag
81.18371820871695,180349.0,False
76.66430571051337,180214.0,False
76.71406050073603,180470.0,False
