energy_joules,duration_ms,error_flag
59.58107080930221,180273.0,False
58.70335335283898,180190.0,False
61.8186251586228,180802.0,False
