energy_joules,duration_ms,error_flag
61.90572867564321,180418.0,False
62.72026389214695,180342.0,False
66.39657881904552,180398.0,False
