energy_joules,duration_ms,error_flag
76.91211968485376,180292.0,False
76.62702994197579,180260.0,False
78.07044769829977,180232.0,False
