energy_joules,duration_ms,error_flag
59.26470366516421,180295.0,False
67.81154169419861,183328.0,False
59.22251412242114,181195.0,False
