energy_joules,duration_ms,error_flag
58.03229942135929,180415.0,False
59.90660850774699,181164.0,False
61.094678804000104,180181.0,False
