energy_joules,duration_ms,error_flag
68.21300006751505,180307.0,False
82.48322897158643,180518.0,False
63.32373651218457,180381.0,False
