energy_joules,duration_ms,error_flag
58.78998003457919,180464.0,False
58.97365685177149,180257.0,False
61.951498723617334,180439.0,False
