energy_joules,duration_ms,error_flag
79.52009668162317,180267.0,False
71.15547515664952,180299.0,False
81.44684937541273,180665.0,False
