energy_joules,duration_ms,error_flag
80.74381684634542,180302.0,False
67.67236185519685,180525.0,False
79.20816307702451,180320.0,False
