energy_joules,duration_ms,error_flag
59.214580703027956,180193.0,False
64.64816596249271,180341.0,False
62.603510195443675,181121.0,False
