energy_joules,duration_ms,error_flag
77.06863738507725,180609.0,False
66.98844526408844,180502.0,False
64.4445986510871,180353.0,False
