energy_joules,duration_ms,error_flag
59.7848430658126,180284.0,False
59.80446711482963,180281.0,False
62.17837515889861,180426.0,False
