energy_joules,duration_ms,error_flag
60.55403459435839,180271.0,False
59.97908765895963,180430.0,False
60.38331459054816,180399.0,False
