energy_joules,duration_ms,error_flag
63.676465245124625,181500.0,False
64.09488399018727,180403.0,False
61.77202052086443,180260.0,False
