energy_joules,duration_ms,error_flag
67.30910163630145,180431.0,False
62.5589045840734,180484.0,False
62.36036505295308,180346.0,False
