energy_joules,duration_ms,error_flag
60.20301602946451,180277.0,False
64.63453686933508,180438.0,False
63.08608713310675,180348.0,False
