energy_joules,duration_ms,error_flag
63.879518579261145,180639.0,False
59.66846205374571,180445.0,False
62.058048676428236,180328.0,False
