energy_joules,duration_ms,error_flag
63.78839034586415,180314.0,False
63.187825662247064,180269.0,False
60.93778806017522,180714.0,False
