energy_joules,duration_ms,error_flag
63.265094670928875,180450.0,False
63.8071356364044,180169.0,False
63.206947673842116,180614.0,False
