energy_joules,duration_ms,error_flag
61.71189562487942,180385.0,False
71.68609655401872,180240.0,False
63.4387574300194,180383.0,False
