energy_joules,duration_ms,error_flag
61.28139452405831,180359.0,False
63.96480466562516,180284.0,False
60.69354587525309,180257.0,False
