energy_joules,duration_ms,error_flag
63.328979321812334,180337.0,False
69.13891253126239,180644.0,False
62.939667077775006,180348.0,False
