energy_joules,duration_ms,error_flag
147.60462682260476,181140.0,False
145.19269279318326,180228.0,False
139.98251600955018,180242.0,False
