energy_joules,duration_ms,error_flag
69.16086840568104,180372.0,False
63.084612914849544,180583.0,False
63.21540350238332,180230.0,False
