energy_joules,duration_ms,error_flag
58.05103367933486,180408.0,False
68.8452901871983,180787.0,False
62.41644891261054,180400.0,False
