energy_joules,duration_ms,error_flag
59.51131836205302,180283.0,False
61.16166863688857,180300.0,False
61.50397298588487,180396.0,False
