energy_joules,duration_ms,error_flag
66.65932305662942,180822.0,False
59.445785806092616,180265.0,False
60.2628067209117,180218.0,False
