energy_joules,duration_ms,error_flag
64.48973665030303,180437.0,False
65.63921770917368,180361.0,False
62.48872872948865,180303.0,False
