energy_joules,duration_ms,error_flag
70.51740790134093,180269.0,False
81.31532760969269,180169.0,False
73.70223035856425,180410.0,False
