energy_joules,duration_ms,error_flag
60.62175807508243,180416.0,False
60.26493020370756,180425.0,False
62.95332405731693,180305.0,False
