energy_joules,duration_ms,error_flag
61.82804016181483,180223.0,False
64.26603013252166,180497.0,False
59.91423955033977,180351.0,False
