energy_joules,duration_ms,error_flag
63.07803555304585,180396.0,False
63.41863263246925,180371.0,False
60.45249674797129,180365.0,False
