energy_joules,duration_ms,error_flag
140.78203677513486,180251.0,False
133.41437168548592,180360.0,False
137.42741954190979,180221.0,False
