energy_joules,duration_ms,error_flag
61.86034730650823,180296.0,False
57.80310211109085,180422.0,False
61.12338495930821,180509.0,False
