energy_joules,duration_ms,error_flag
65.69594910009124,180407.0,False
70.79522609627547,180290.0,False
66.7016293217688,180203.0,False
