energy_joules,duration_ms,error_flag
66.0818171756127,180505.0,False
65.09820434967678,180425.0,False
65.56717322647334,180263.0,False
