energy_joules,duration_ms,error_flag
71.0728859940163,180310.0,False
62.98111213655493,180677.0,False
66.20486588423849,180216.0,False
