energy_joules,duration_ms,error_flag
60.47003707644474,180301.0,False
58.25650476423749,180758.0,False
59.036322426768564,180390.0,False
