energy_joules,duration_ms,error_flag
62.996909318356046,180295.0,False
60.73575532883742,180302.0,False
61.37710927949398,180148.0,False
