energy_joules,duration_ms,error_flag
61.90689454129792,180343.0,False
65.47385784997006,180265.0,False
208.85468028398986,180375.0,False
