energy_joules,duration_ms,error_flag
64.71842088008677,180389.0,False
63.69589049124839,180307.0,False
62.80083031107849,180382.0,False
