energy_joules,duration_ms,error_flag
63.11261582642654,180344.0,False
71.29803426211228,180588.0,False
60.59648718991705,180351.0,False
