energy_joules,duration_ms,error_flag
204.89362369642984,180434.0,False
81.80629183220913,180407.0,False
79.62271926031269,180257.0,False
