energy_joules,duration_ms,error_flag
58.22517730591605,180430.0,False
59.98762836609776,180376.0,False
59.137367456243894,180263.0,False
