energy_joules,duration_ms,error_flag
78.55092827707871,180251.0,False
79.86312948838034,180314.0,False
77.83420421249616,180260.0,False
