energy_joules,duration_ms,error_flag
67.45985318011836,180278.0,False
65.51933553907077,180393.0,False
65.48525979382784,180325.0,False
