energy_joules,duration_ms,error_flag
57.69063543131694,180306.0,False
60.281519053981164,180245.0,False
59.92230565697147,180232.0,False
