energy_joules,duration_ms,error_flag
64.70398513491658,180455.0,False
64.72474737424875,180333.0,False
69.02466335090737,180417.0,False
