energy_joules,duration_ms,error_flag
59.003830477053285,180341.0,False
58.957332905522115,180296.0,False
60.1576995024595,180261.0,False
