energy_joules,duration_ms,error_flag
80.40813765563759,180374.0,False
76.74571729341675,180373.0,False
79.16343549553656,180268.0,False
