energy_joules,duration_ms,error_flag
64.69138348334121,180460.0,False
59.616230507833166,180279.0,False
58.855718657528804,180257.0,False
