energy_joules,duration_ms,error_flag
62.901596350421165,180340.0,False
64.5191287807507,180490.0,False
64.0538947026101,180671.0,False
