energy_joules,duration_ms,error_flag
138.42738611525468,180348.0,False
133.77194440631098,180242.0,False
133.90939085961935,180259.0,False
