energy_joules,duration_ms,error_flag
63.42165492838192,180665.0,False
76.38554810759985,180250.0,False
76.87413570963874,180289.0,False
