energy_joules,duration_ms,error_flag
57.83374065712438,180329.0,False
58.46574895524343,180414.0,False
59.24576533411155,180355.0,False
