energy_joules,duration_ms,error_flag
78.34100260116784,180474.0,False
78.30640775465265,180336.0,False
79.48898442803431,180494.0,False
