energy_joules,duration_ms,error_flag
139.66739651542,180567.0,False
142.27939612811136,180270.0,False
150.48844647856265,180285.0,False
