energy_joules,duration_ms,error_flag
63.860736943925154,180377.0,False
59.43021220576392,180346.0,False
64.92544768592745,180206.0,False
