energy_joules,duration_ms,error_flag
61.536942913501726,180256.0,False
69.37137338698359,180634.0,False
78.90735057995593,180323.0,False
