energy_joules,duration_ms,error_flag
69.11328668122931,180479.0,False
64.12347602853372,180416.0,False
78.16944848339492,180282.0,False
