energy_joules,duration_ms,error_flag
58.66343249946228,180261.0,False
58.76016515538463,180218.0,False
60.6064573000329,180376.0,False
