energy_joules,duration_ms,error_flag
59.67188148495263,180197.0,False
60.42762437681808,180247.0,False
59.8176076249915,180311.0,False
