energy_joules,duration_ms,error_flag
60.25756707941657,180310.0,False
64.09449363190437,180317.0,False
65.30795107627719,180418.0,False
