energy_joules,duration_ms,error_flag
70.97479378050112,180448.0,False
71.62481388068176,180306.0,False
77.15135076428734,181666.0,False
