energy_joules,duration_ms,error_flag
93.2495604645079,180376.0,False
81.5976451226904,180252.0,False
85.86691814820865,180326.0,False
