energy_joules,duration_ms,error_flag
59.95689551147276,180274.0,False
64.29541042858892,180370.0,False
61.7340317241364,180596.0,False
