energy_joules,duration_ms,error_flag
76.94560777341871,180266.0,False
67.06158889794062,180324.0,False
63.63813316956653,181485.0,False
