energy_joules,duration_ms,error_flag
59.240685531184134,180279.0,False
59.34620907640012,180235.0,False
60.175682688488436,180651.0,False
