energy_joules,duration_ms,error_flag
64.31028272665836,180435.0,False
67.13171990455312,180446.0,False
66.68042787493508,180359.0,False
