energy_joules,duration_ms,error_flag
78.3135212397769,180555.0,False
77.27563306799473,180250.0,False
61.401560418993064,180455.0,False
