energy_joules,duration_ms,error_flag
273.17478315409596,180324.0,False
83.24283382888859,180241.0,False
78.96877059279514,180404.0,False
