energy_joules,duration_ms,error_flag
80.59895745296869,180321.0,False
78.9081324552603,180382.0,False
84.08942869302332,180379.0,False
