energy_joules,duration_ms,error_flag
56.558050397449065,180272.0,False
60.78451538293038,180841.0,False
58.20750225243311,180301.0,False
