energy_joules,duration_ms,error_flag
59.486620022937345,180322.0,False
62.082420438115484,180341.0,False
58.01885050246635,180282.0,False
