energy_joules,duration_ms,error_flag
80.6218439041281,180227.0,False
63.51369068980027,180580.0,False
64.13828875187845,180253.0,False
