energy_joules,duration_ms,error_flag
138.3729681899407,180240.0,False
136.20662965595756,180329.0,False
137.43243473633302,180288.0,False
