energy_joules,duration_ms,error_flag
66.53305536069061,181447.0,False
64.5369989599853,180732.0,False
62.87891794222279,180269.0,False
