energy_joules,duration_ms,error_flag
62.072431841345185,180279.0,False
61.99215729054318,180296.0,False
63.309890371951724,180189.0,False
