energy_joules,duration_ms,error_flag
64.17119125450785,180535.0,False
58.890324453115085,180548.0,False
61.1610851219093,180287.0,False
