energy_joules,duration_ms,error_flag
65.37879068587822,180288.0,False
62.2866930754387,180396.0,False
65.00917017892449,180265.0,False
