energy_joules,duration_ms,error_flag
61.62302228944606,180499.0,False
62.69374406504735,180630.0,False
61.214019452817176,181429.0,False
