energy_joules,duration_ms,error_flag
66.32875151459866,180254.0,False
64.57376663780778,180204.0,False
66.04301280099051,180283.0,False
