energy_joules,duration_ms,error_flag
64.7069393442257,180284.0,False
61.66583696092356,180531.0,False
63.40101856856825,180293.0,False
