energy_joules,duration_ms,error_flag
92.30459532555422,180296.0,False
94.26044722467432,180442.0,False
90.42826840154238,180493.0,False
