energy_joules,duration_ms,error_flag
68.2755269166226,180291.0,False
67.27055223520061,180269.0,False
69.58870439943115,180335.0,False
