energy_joules,duration_ms,error_flag
60.608819125494485,180215.0,False
64.90595672701404,180281.0,False
66.38259213211364,180420.0,False
