energy_joules,duration_ms,error_flag
64.43623458811763,180342.0,False
70.2429834244602,180318.0,False
64.97173132447536,180312.0,False
