energy_joules,duration_ms,error_flag
59.47749457126286,180326.0,False
58.03610512441849,180265.0,False
57.44090428213629,180302.0,False
