energy_joules,duration_ms,error_flag
78.0117193910766,180273.0,False
78.43972616553353,180337.0,False
79.68157263239176,180308.0,False
