energy_joules,duration_ms,error_flag
60.76410992778444,180535.0,False
63.12097593766817,180312.0,False
59.04963343954429,180263.0,False
