energy_joules,duration_ms,error_flag
79.83031482109081,180471.0,False
69.70570238647545,180282.0,False
79.09385982848146,180190.0,False
