energy_joules,duration_ms,error_flag
59.63593622863952,180183.0,False
61.64809742861633,180234.0,False
63.647545228596385,180242.0,False
