energy_joules,duration_ms,error_flag
59.19481440980718,180271.0,False
65.0585908775184,180267.0,False
82.04692073172454,180202.0,False
