energy_joules,duration_ms,error_flag
65.3206291514418,180297.0,False
63.61684138584636,180432.0,False
90.79582402196858,180768.0,False
