energy_joules,duration_ms,error_flag
64.55485186373501,180364.0,False
61.9997121025136,180355.0,False
64.02276261928496,180224.0,False
