energy_joules,duration_ms,error_flag
64.39029571284401,180169.0,False
70.9670297568255,180733.0,False
71.7483188685093,180427.0,False
