energy_joules,duration_ms,error_flag
69.44252861144601,180132.0,False
63.505387667667236,180459.0,False
131.83499840911284,180439.0,False
