energy_joules,duration_ms,error_flag
67.47163837075432,180722.0,False
61.243490364526465,180272.0,False
76.94975872945857,180460.0,False
