energy_joules,duration_ms,error_flag
59.39557784945686,180374.0,False
58.75225751082923,180359.0,False
58.751793624026526,180365.0,False
