energy_joules,duration_ms,error_flag
66.8362899821073,180663.0,False
66.92379321778262,180301.0,False
71.67548257412228,180993.0,False
