energy_joules,duration_ms,error_flag
69.43597850877815,180549.0,False
87.36852432169904,180222.0,False
78.76348942432223,180515.0,False
