energy_joules,duration_ms,error_flag
58.528861447773096,180364.0,False
59.63522923699634,180341.0,False
60.118895243830735,180200.0,False
