energy_joules,duration_ms,error_flag
66.52223609114289,180389.0,False
63.73690002279671,180580.0,False
63.642085343551514,180450.0,False
