energy_joules,duration_ms,error_flag
62.92914396276357,180529.0,False
68.04196901208824,180861.0,False
74.80626144932369,181055.0,False
