energy_joules,duration_ms,error_flag
61.592722422569615,180352.0,False
67.95353272776967,180809.0,False
61.62499772905071,180458.0,False
