energy_joules,duration_ms,error_flag
95.88046765335493,181680.0,False
87.46308720416873,180402.0,False
82.26403359612272,180313.0,False
