energy_joules,duration_ms,error_flag
67.56223959645098,180281.0,False
60.55167691668637,180472.0,False
69.00630345892127,180237.0,False
