energy_joules,duration_ms,error_flag
59.726763306970966,180207.0,False
60.904245131483165,180410.0,False
60.11661159547648,180285.0,False
