energy_joules,duration_ms,error_flag
78.73522665445682,180194.0,False
76.81020938668208,180364.0,False
77.43583794605858,180180.0,False
