energy_joules,duration_ms,error_flag
61.86470001433914,180269.0,False
59.24908191099295,180336.0,False
62.02857310228229,180398.0,False
