energy_joules,duration_ms,error_flag
137.92953347265401,181228.0,False
140.59521032384185,180290.0,False
150.32975072591475,180369.0,False
