energy_joules,duration_ms,error_flag
64.53960815918089,180215.0,False
68.86759330459101,180237.0,False
66.6074931044158,180433.0,False
