energy_joules,duration_ms,error_flag
70.2733848471854,180267.0,False
67.21215563661819,182419.0,False
76.56364811776493,180421.0,False
