energy_joules,duration_ms,error_flag
67.44416940512768,180290.0,False
72.6223866174073,180387.0,False
61.27304694383528,180137.0,False
