energy_joules,duration_ms,error_flag
77.68304194425792,180216.0,False
63.280525129693636,180356.0,False
78.50516185475635,180396.0,False
