energy_joules,duration_ms,error_flag
59.76572209493816,180311.0,False
67.36534651259693,180390.0,False
58.98458505506412,180362.0,False
