energy_joules,duration_ms,error_flag
62.91230035015299,180280.0,False
61.646216922734936,180448.0,False
62.10676117557974,180443.0,False
