energy_joules,duration_ms,error_flag
71.35915723736326,180537.0,False
69.29276838110765,180207.0,False
87.1578270937329,180357.0,False
