energy_joules,duration_ms,error_flag
59.93467511717851,180477.0,False
58.10813718284773,180281.0,False
60.60470991812379,180304.0,False
