energy_joules,duration_ms,error_flag
61.4418005061986,180415.0,False
67.47516307306925,180311.0,False
61.33997963773576,180454.0,False
