energy_joules,duration_ms,error_flag
83.0753568463502,180380.0,False
76.65145600701057,180192.0,False
77.75898623576386,180148.0,False
