energy_joules,duration_ms,error_flag
58.902602787375955,180304.0,False
60.221944942165436,180327.0,False
62.1483476252078,180305.0,False
