energy_joules,duration_ms,error_flag
60.938440233403476,180474.0,False
63.143211183581506,180346.0,False
60.99522529086112,180316.0,False
