energy_joules,duration_ms,error_flag
137.0980114021203,180377.0,False
136.1207205053159,180281.0,False
138.54642707616787,180364.0,False
