energy_joules,duration_ms,error_flag
75.59104876871909,180302.0,False
61.789132616199254,180535.0,False
75.0443737776507,180415.0,False
