energy_joules,duration_ms,error_flag
78.03352347260214,180276.0,False
62.17622135721159,180420.0,False
71.39126842931122,180314.0,False
