energy_joules,duration_ms,error_flag
63.30963155275356,180378.0,False
62.129993759438044,180287.0,False
61.99543988163749,180406.0,False
