energy_joules,duration_ms,error_flag
83.87592416548074,180379.0,False
80.55029069460794,180224.0,False
91.71581388329248,180254.0,False
