energy_joules,duration_ms,error_flag
59.140213682260544,180257.0,False
62.15822332133126,180311.0,False
66.92305694344053,180701.0,False
