energy_joules,duration_ms,error_flag
58.778808267096366,180356.0,False
72.93851629093437,180282.0,False
60.918110487574076,180257.0,False
