energy_joules,duration_ms,error_flag
59.07504297477778,180331.0,False
61.542885479304054,180554.0,False
59.11164801757823,180305.0,False
