energy_joules,duration_ms,error_flag
74.21274813707274,180418.0,False
68.2087256928111,180198.0,False
64.2758843949822,181783.0,False
