energy_joules,duration_ms,error_flag
59.23514290727757,180245.0,False
58.32144421021205,180291.0,False
56.897602966810155,180340.0,False
