energy_joules,duration_ms,error_flag
59.118317000000296,180431.0,False
62.2801633780745,180264.0,False
59.979564828681376,180342.0,False
