energy_joules,duration_ms,error_flag
58.524447390565086,180416.0,False
59.01398645140906,180282.0,False
64.63306900866168,182591.0,False
