energy_joules,duration_ms,error_flag
64.9303015243711,180233.0,False
64.41711510622945,180368.0,False
62.680208805958884,180378.0,False
