energy_joules,duration_ms,error_flag
62.18323253590365,180197.0,False
72.70446719040888,180635.0,False
71.1998549563545,180164.0,False
