energy_joules,duration_ms,error_flag
59.101741637293514,180386.0,False
58.47206303086277,180281.0,False
61.62010420682762,180355.0,False
