energy_joules,duration_ms,error_flag
76.79218430553328,180369.0,False
76.05610261644948,180604.0,False
78.41316174934938,180165.0,False
