energy_joules,duration_ms,error_flag
61.693080451876185,180239.0,False
61.07016568628105,180266.0,False
58.336425456945506,181635.0,False
