energy_joules,duration_ms,error_flag
79.87351672083189,180413.0,False
82.19990401183965,180170.0,False
89.19026978355201,180271.0,False
