energy_joules,duration_ms,error_flag
82.23315332262203,180417.0,False
121.17998420887386,180376.0,False
97.40909487161288,180207.0,False
