energy_joules,duration_ms,error_flag
63.670544931131595,180407.0,False
62.804100769902306,180319.0,False
62.66540683290849,180267.0,False
