energy_joules,duration_ms,error_flag
66.61364140045946,180418.0,False
65.42406983675617,180327.0,False
70.35943313890043,180733.0,False
