energy_joules,duration_ms,error_flag
60.71582959691535,180265.0,False
78.22089754748704,180172.0,False
60.82798659554845,180255.0,False
