energy_joules,duration_ms,error_flag
86.26023665579991,180385.0,False
79.41093567927506,180306.0,False
89.53972852753719,180253.0,False
