energy_joules,duration_ms,error_flag
60.101546510295904,180366.0,False
59.704269230349475,180543.0,False
58.96839936113407,180255.0,False
