energy_joules,duration_ms,error_flag
59.275403025600525,180679.0,False
59.06633068200083,180278.0,False
61.2342062498996,180434.0,False
