energy_joules,duration_ms,error_flag
69.82212354001764,180217.0,False
60.587082708834785,180613.0,False
65.79082270084086,180306.0,False
