energy_joules,duration_ms,error_flag
84.26891564637359,180367.0,False
91.81312523352585,180291.0,False
79.95908119438096,180248.0,False
