energy_joules,duration_ms,error_flag
78.6526416109956,180277.0,False
70.07933985404522,180343.0,False
78.13867862247224,180405.0,False
