energy_joules,duration_ms,error_flag
59.78778762297204,180234.0,False
65.81148870437777,180396.0,False
63.44530072383284,180700.0,False
