energy_joules,duration_ms,error_flag
63.94211480070731,180284.0,False
61.418108553207304,180189.0,False
62.846560294349786,180396.0,False
