energy_joules,duration_ms,error_flag
71.93417976108903,180433.0,False
72.8382618306425,180258.0,False
66.11364127546511,180209.0,False
