energy_joules,duration_ms,error_flag
61.47043384880028,180264.0,False
61.146149232280365,180362.0,False
60.9508069988631,180203.0,False
