energy_joules,duration_ms,error_flag
138.5911682602093,180315.0,False
139.26050527380377,180297.0,False
151.83912933262513,180353.0,False
