energy_joules,duration_ms,error_flag
79.03874790862203,180247.0,False
78.11762563539979,180323.0,False
78.0037291091499,180147.0,False
