energy_joules,duration_ms,error_flag
78.40001873100823,180156.0,False
76.38942763723675,180288.0,False
92.9001195401835,180296.0,False
