energy_joules,duration_ms,error_flag
72.22076070436482,180409.0,False
67.7959738378411,180242.0,False
69.7288698358033,180313.0,False
