energy_joules,duration_ms,error_flag
65.63106528452239,180586.0,False
61.094120724225675,180277.0,False
62.27739417791648,180486.0,False
