energy_joules,duration_ms,error_flag
88.9147082381102,180569.0,False
79.05488299799086,180223.0,False
83.28007023434617,180420.0,False
