energy_joules,duration_ms,error_flag
77.4078887249887,180340.0,False
81.0532830608447,180288.0,False
82.29944496008584,180764.0,False
