energy_joules,duration_ms,error_flag
84.16445481466059,180318.0,False
65.37574359946017,180312.0,False
79.09274678661379,180315.0,False
