energy_joules,duration_ms,error_flag
59.78443746748245,180366.0,False
80.29386370605977,180758.0,False
60.589064871286276,180366.0,False
