energy_joules,duration_ms,error_flag
77.98165479429298,180499.0,False
77.91326323629632,180396.0,False
81.97055976313234,180283.0,False
