energy_joules,duration_ms,error_flag
59.3818827913664,180331.0,False
60.13912184772241,180324.0,False
60.46298448423017,180407.0,False
