energy_joules,duration_ms,error_flag
81.42444601758356,180344.0,False
93.87275154088485,180374.0,False
87.32969131937534,180479.0,False
