energy_joules,duration_ms,error_flag
59.19429710281945,180313.0,False
66.20889174416965,180437.0,False
58.94861400971216,180283.0,False
