energy_joules,duration_ms,error_flag
77.51268809210201,180374.0,False
81.00746468490335,180326.0,False
79.38815422928923,180319.0,False
