energy_joules,duration_ms,error_flag
60.7909695590682,180551.0,False
60.491600367514415,180425.0,False
60.169151910432205,180376.0,False
