energy_joules,duration_ms,error_flag
64.10339112380322,180375.0,False
64.9757368115906,180289.0,False
77.37805068479346,180148.0,False
