energy_joules,duration_ms,error_flag
66.60652923943742,180501.0,False
66.53399098380976,180267.0,False
66.62612569188853,180324.0,False
