energy_joules,duration_ms,error_flag
64.20972050432728,180414.0,False
65.2308089326298,180840.0,False
63.251075197833764,180208.0,False
