energy_joules,duration_ms,error_flag
80.33254398602827,180511.0,False
78.99280335508293,180352.0,False
75.33953038144222,180321.0,False
