energy_joules,duration_ms,error_flag
88.41308857642132,180616.0,False
77.81636603260775,180529.0,False
84.66140796331177,181543.0,False
