energy_joules,duration_ms,error_flag
64.8177082905355,180445.0,False
65.04035000268428,180282.0,False
62.508975120078915,180367.0,False
