energy_joules,duration_ms,error_flag
59.768421840114335,180248.0,False
60.085640248988256,180272.0,False
82.66125752345417,180471.0,False
