energy_joules,duration_ms,error_flag
64.34687082220239,181294.0,False
75.9763897870604,180307.0,False
61.810521143541955,180394.0,False
