energy_joules,duration_ms,error_flag
63.25516250064343,180515.0,False
63.12641017185768,180338.0,False
66.87783224150454,180192.0,False
