energy_joules,duration_ms,error_flag
80.57191924081937,180222.0,False
74.71269558711116,180448.0,False
72.1666131681299,180310.0,False
