energy_joules,duration_ms,error_flag
58.653082468401,180326.0,False
59.05817317584377,180404.0,False
58.55785744490526,180293.0,False
