energy_joules,duration_ms,error_flag
59.68317824404102,180247.0,False
79.61956944026183,180300.0,False
60.30957000972861,180380.0,False
