energy_joules,duration_ms,error_flag
77.3173635685701,180200.0,False
66.63666200110308,180557.0,False
66.02292080082744,180557.0,False
