energy_joules,duration_ms,error_flag
76.71539003173515,180341.0,False
76.47828122149348,180404.0,False
78.30173996684947,180433.0,False
