energy_joules,duration_ms,error_flag
64.32781683062294,180655.0,False
66.26381214941817,180313.0,False
65.80272976765546,180294.0,False
