energy_joules,duration_ms,error_flag
75.64600533718752,180449.0,False
61.88558465619196,180224.0,False
75.97912868095835,180471.0,False
