energy_joules,duration_ms,error_flag
141.68422090741984,180350.0,False
136.5955011011559,180356.0,False
139.2361004676938,180390.0,False
