energy_joules,duration_ms,error_flag
63.39759867169641,180191.0,False
67.66479783115513,180854.0,False
69.53668338057169,180354.0,False
