energy_joules,duration_ms,error_flag
77.3240976508954,180373.0,False
79.148195779938,180214.0,False
79.01105164651462,180210.0,False
