energy_joules,duration_ms,error_flag
73.77120596400152,180401.0,False
64.54046167722694,180453.0,False
73.13165399594243,180275.0,False
