energy_joules,duration_ms,error_flag
67.22854808652336,180355.0,False
62.14328653027205,180427.0,False
63.03610531300222,180344.0,False
