energy_joules,duration_ms,error_flag
64.30405679223045,180431.0,False
65.03011838783063,180340.0,False
64.64727639948215,180315.0,False
