energy_joules,duration_ms,error_flag
59.34766140986595,180275.0,False
64.08584863197176,180613.0,False
59.84061096475831,180461.0,False
