energy_joules,duration_ms,error_flag
82.4142676791486,180464.0,False
78.99466668495481,180381.0,False
80.35108137284978,180342.0,False
