energy_joules,duration_ms,error_flag
78.77699197892699,180351.0,False
65.00423304749239,180484.0,False
62.57954190201858,180264.0,False
