energy_joules,duration_ms,error_flag
79.77448079612192,181910.0,False
63.253181084907666,180186.0,False
150.52136458291668,180363.0,False
