energy_joules,duration_ms,error_flag
78.15515612161451,180704.0,False
81.67472135183041,180391.0,False
87.23604586229814,180307.0,False
