energy_joules,duration_ms,error_flag
81.61779680113015,180990.0,False
68.78891502125605,180270.0,False
67.33031908231554,180279.0,False
