energy_joules,duration_ms,error_flag
71.23597017734257,180478.0,False
65.3110308987587,180293.0,False
65.14472909415616,180219.0,False
