energy_joules,duration_ms,error_flag
62.88525350433448,180419.0,False
79.95559554605857,180392.0,False
68.10646847158738,180286.0,False
