energy_joules,duration_ms,error_flag
62.607075785101216,180296.0,False
64.76303297421188,180393.0,False
64.08536628745927,180399.0,False
