energy_joules,duration_ms,error_flag
62.851331736405825,180365.0,False
71.29853076417425,180206.0,False
87.77145837657059,180352.0,False
