energy_joules,duration_ms,error_flag
61.81618063655353,180314.0,False
67.99839799789082,180215.0,False
65.5246998462868,180332.0,False
