energy_joules,duration_ms,error_flag
60.16747275710583,180350.0,False
59.27945442245646,180389.0,False
59.44759286661388,180361.0,False
