energy_joules,duration_ms,error_flag
66.40348704425615,180487.0,False
64.72015272377301,180497.0,False
65.28211589868566,180453.0,False
