energy_joules,duration_ms,error_flag
77.92295412710376,180548.0,False
78.38602951839148,180384.0,False
79.96373268900199,180346.0,False
