energy_joules,duration_ms,error_flag
79.03320243246273,180327.0,False
78.39155580609903,180499.0,False
78.54733644997673,180352.0,False
