energy_joules,duration_ms,error_flag
65.44258906863688,180576.0,False
58.90067871068851,180163.0,False
60.42998717525757,180451.0,False
