energy_joules,duration_ms,error_flag
62.529354696930085,180318.0,False
64.23207555831232,180425.0,False
63.02600991230449,180383.0,False
