energy_joules,duration_ms,error_flag
60.56923240288125,180403.0,False
61.38157344672498,180568.0,False
61.62146048010502,180179.0,False
