energy_joules,duration_ms,error_flag
59.44420805806649,180292.0,False
57.52345651824306,180146.0,False
59.36929676700049,180253.0,False
