energy_joules,duration_ms,error_flag
60.35133835692856,180160.0,False
58.157996945041354,180283.0,False
58.162265732920424,180203.0,False
