energy_joules,duration_ms,error_flag
80.12295218857699,180401.0,False
85.25076578233133,180453.0,False
69.4509294195589,180218.0,False
