energy_joules,duration_ms,error_flag
63.17760961693682,180914.0,False
68.35074334401958,180215.0,False
68.61095289930562,180400.0,False
