energy_joules,duration_ms,error_flag
68.59884288767029,180505.0,False
69.46953290226598,180327.0,False
63.337445428699695,180202.0,False
