energy_joules,duration_ms,error_flag
60.943059074539086,180499.0,False
58.831782859886786,180283.0,False
62.36825147944044,180368.0,False
