energy_joules,duration_ms,error_flag
62.457641109535345,180310.0,False
75.24297371923188,180296.0,False
77.42356509862637,180345.0,False
