energy_joules,duration_ms,error_flag
72.19720672759361,180261.0,False
73.4173331188355,180338.0,False
82.17042102157833,180384.0,False
