energy_joules,duration_ms,error_flag
59.32578090715507,180158.0,False
60.742903792280664,180326.0,False
58.57230738988115,180273.0,False
