energy_joules,duration_ms,error_flag
80.72051230750435,180532.0,False
75.35130545679036,180380.0,False
63.50879001633629,180253.0,False
