energy_joules,duration_ms,error_flag
57.362407892286825,180371.0,False
59.237751689867274,180171.0,False
63.85022003923391,180288.0,False
