energy_joules,duration_ms,error_flag
78.18765142142293,180310.0,False
79.27317469703418,180265.0,False
79.85747972401722,180391.0,False
