energy_joules,duration_ms,error_flag
104.90219006063492,180285.0,False
92.70650081549822,180349.0,False
88.51605339968492,180332.0,False
