energy_joules,duration_ms,error_flag
60.145347795269146,180311.0,False
73.09502791139987,180377.0,False
66.83386400337284,180514.0,False
