energy_joules,duration_ms,error_flag
59.97340098747393,180307.0,False
61.084642385526,180294.0,False
60.40496393449333,180530.0,False
