energy_joules,duration_ms,error_flag
67.05110164384355,180563.0,False
71.8916544116411,180382.0,False
61.748114026982876,180348.0,False
